id;type_channel;channel_id;ext_num;agent_name;external_id;call_date;status;data;report_data;phone;session_id;region;tz;operator;update_at;next_call_date;company_id;server;attempts_count;priority;last_phone;last_status
180985162;out;NULL;NULL;33-08sl;2;25.03.2023 0:00;stop;"{""category"":""1"",""cl"":""grdt5"",""trunc"":""43"",""status"":""call"",""down"":""20"",""cps"":""0.1"",""channels"":10}";{};79000000000;73gty4pgxw;NULL;3;NULL;25.03.2023 0:00;25.03.2023 0:00;24461;33-08;1;0;NULL;success
180985163;out;NULL;NULL;33-08sl;3;25.03.2023 0:00;stop;"{""category"":""1"",""cl"":""grdt5"",""trunc"":""43"",""status"":""call"",""down"":""20"",""cps"":""0.1"",""channels"":10}";{};79000000000;9nz1tkpt5d;NULL;7;NULL;25.03.2023 0:00;25.03.2023 0:00;24461;33-08;5;0;NULL;down
180985164;out;NULL;NULL;33-08sl;4;25.03.2023 0:00;stop;"{""category"":""1"",""cl"":""grdt5"",""trunc"":""43"",""status"":""call"",""down"":""20"",""cps"":""0.1"",""channels"":10}";{};79000000000;iel1yqrjbx;NULL;7;NULL;25.03.2023 0:00;25.03.2023 0:00;24461;33-08;5;0;NULL;down
180985165;out;NULL;NULL;33-08sl;5;25.03.2023 0:00;stop;"{""category"":""1"",""cl"":""grdt5"",""trunc"":""43"",""status"":""call"",""down"":""20"",""cps"":""0.1"",""channels"":10}";{};79000000000;mhyxg694g7;NULL;7;NULL;25.03.2023 0:00;25.03.2023 0:00;24461;33-08;2;0;NULL;success
180985166;out;NULL;NULL;33-08sl;6;25.03.2023 0:00;stop;"{""category"":""1"",""cl"":""grdt5"",""trunc"":""43"",""status"":""call"",""down"":""20"",""cps"":""0.1"",""channels"":10}";{};79000000000;kyxa50kf8q;NULL;7;NULL;25.03.2023 0:00;25.03.2023 0:00;24461;33-08;5;0;NULL;down
180985167;out;NULL;NULL;33-08sl;7;25.03.2023 0:00;stop;"{""category"":""1"",""cl"":""grdt5"",""trunc"":""43"",""status"":""call"",""down"":""20"",""cps"":""0.1"",""channels"":10}";{};79000000000;fe5fjibpt9;NULL;3;NULL;25.03.2023 0:00;25.03.2023 0:00;24461;33-08;1;0;NULL;success
180985168;out;NULL;NULL;33-08sl;8;25.03.2023 0:00;stop;"{""category"":""1"",""cl"":""grdt5"",""trunc"":""43"",""status"":""call"",""down"":""20"",""cps"":""0.1"",""channels"":10}";{};79000000000;n632f0xhas;NULL;4;NULL;25.03.2023 0:00;25.03.2023 0:00;24461;33-08;1;0;NULL;success
180985169;out;NULL;NULL;33-08sl;9;25.03.2023 0:00;stop;"{""category"":""1"",""cl"":""grdt5"",""trunc"":""43"",""status"":""call"",""down"":""20"",""cps"":""0.1"",""channels"":10}";{};79000000000;l39ywbw4ew;NULL;4;NULL;25.03.2023 0:00;25.03.2023 0:00;24461;33-08;1;0;NULL;success
180985170;out;NULL;NULL;33-08sl;10;25.03.2023 0:00;stop;"{""category"":""1"",""cl"":""grdt5"",""trunc"":""43"",""status"":""call"",""down"":""20"",""cps"":""0.1"",""channels"":10}";{};79000000000;t0rznnra3p;NULL;4;NULL;25.03.2023 0:00;25.03.2023 0:00;24461;33-08;2;1;NULL;request_recall
180985171;out;NULL;NULL;33-08sl;11;25.03.2023 0:00;stop;"{""category"":""1"",""cl"":""grdt5"",""trunc"":""43"",""status"":""call"",""down"":""20"",""cps"":""0.1"",""channels"":10}";{};79000000000;y3sf92qzdx;NULL;5;NULL;25.03.2023 0:00;25.03.2023 0:00;24461;33-08;5;0;NULL;answering_machine
180985173;out;NULL;NULL;33-08sl;13;25.03.2023 0:00;stop;"{""category"":""1"",""cl"":""grdt5"",""trunc"":""43"",""status"":""call"",""down"":""20"",""cps"":""0.1"",""channels"":10}";{};79000000000;ee7ipzwsln;NULL;5;NULL;25.03.2023 0:00;25.03.2023 0:00;24461;33-08;5;0;NULL;down
180985174;out;NULL;NULL;33-08sl;14;25.03.2023 0:00;stop;"{""category"":""1"",""cl"":""grdt5"",""trunc"":""43"",""status"":""call"",""down"":""20"",""cps"":""0.1"",""channels"":10}";{};79000000000;8epxgy4ni0;NULL;5;NULL;25.03.2023 0:00;25.03.2023 0:00;24461;33-08;5;0;NULL;answering_machine
180985176;out;NULL;NULL;33-08sl;16;25.03.2023 0:00;stop;"{""category"":""1"",""cl"":""grdt5"",""trunc"":""43"",""status"":""call"",""down"":""20"",""cps"":""0.1"",""channels"":10}";{};79000000000;2ikh0l6ynw;NULL;5;NULL;25.03.2023 0:00;25.03.2023 0:00;24461;33-08;2;0;NULL;success
180985177;out;NULL;NULL;33-08sl;17;25.03.2023 0:00;delay;"{""category"":""1"",""cl"":""grdt5"",""trunc"":""43"",""down"":""20"",""cps"":""0.1"",""channels"":10}";{};79000000000;sp2yth4z7h;NULL;5;NULL;25.03.2023 0:00;25.03.2023 0:00;24461;33-08;5;0;NULL;answering_machine
180985178;out;NULL;NULL;33-08sl;18;25.03.2023 0:00;stop;"{""category"":""1"",""cl"":""grdt5"",""trunc"":""43"",""status"":""call"",""down"":""20"",""cps"":""0.1"",""channels"":10}";{};79000000000;zp875jth24;NULL;5;NULL;25.03.2023 0:00;25.03.2023 0:00;24461;33-08;1;0;NULL;success
180985179;out;NULL;NULL;33-08sl;19;25.03.2023 0:00;stop;"{""category"":""1"",""cl"":""grdt5"",""trunc"":""43"",""status"":""call"",""down"":""20"",""cps"":""0.1"",""channels"":10}";{};79000000000;4p8pax462y;NULL;5;NULL;25.03.2023 0:00;25.03.2023 0:00;24461;33-08;1;0;NULL;success
180985180;out;NULL;NULL;33-08sl;20;25.03.2023 0:00;stop;"{""category"":""1"",""cl"":""grdt5"",""trunc"":""43"",""status"":""call"",""down"":""20"",""cps"":""0.1"",""channels"":10}";{};79000000000;8i55f64r9q;NULL;5;NULL;25.03.2023 0:00;25.03.2023 0:00;24461;33-08;2;1;NULL;request_recall
180985181;out;NULL;NULL;33-08sl;21;25.03.2023 0:00;stop;"{""category"":""1"",""cl"":""grdt5"",""trunc"":""43"",""status"":""call"",""down"":""20"",""cps"":""0.1"",""channels"":10}";{};79000000000;ep5e9b8i42;NULL;5;NULL;25.03.2023 0:00;25.03.2023 0:00;24461;33-08;1;0;NULL;success
180985182;out;NULL;NULL;33-08sl;22;25.03.2023 0:00;stop;"{""category"":""1"",""cl"":""grdt5"",""trunc"":""43"",""status"":""call"",""down"":""20"",""cps"":""0.1"",""channels"":10}";{};79000000000;nlbfpks6dy;NULL;5;NULL;25.03.2023 0:00;25.03.2023 0:00;24461;33-08;5;0;NULL;answering_machine
180985183;out;NULL;NULL;33-08sl;23;25.03.2023 0:00;stop;"{""category"":""1"",""cl"":""grdt5"",""trunc"":""43"",""status"":""call"",""down"":""20"",""cps"":""0.1"",""channels"":10}";{};79000000000;y17zpxmi1r;NULL;5;NULL;25.03.2023 0:00;25.03.2023 0:00;24461;33-08;3;0;NULL;success
180985184;out;NULL;NULL;33-08sl;24;25.03.2023 0:00;stop;"{""category"":""1"",""cl"":""grdt5"",""trunc"":""43"",""status"":""call"",""down"":""20"",""cps"":""0.1"",""channels"":10}";{};79000000000;s2jbeeaske;NULL;5;NULL;25.03.2023 0:00;25.03.2023 0:00;24461;33-08;1;1;NULL;request_recall
180985185;out;NULL;NULL;33-08sl;25;25.03.2023 0:00;stop;"{""category"":""1"",""cl"":""grdt5"",""trunc"":""43"",""status"":""call"",""down"":""20"",""cps"":""0.1"",""channels"":10}";{};79000000000;51dwkzyxi8;NULL;5;NULL;25.03.2023 0:00;25.03.2023 0:00;24461;33-08;1;1;NULL;request_recall
180985186;out;NULL;NULL;33-08sl;26;25.03.2023 0:00;stop;"{""category"":""1"",""cl"":""grdt5"",""trunc"":""43"",""status"":""call"",""down"":""20"",""cps"":""0.1"",""channels"":10}";{};79000000000;1jaj2jsi35;NULL;5;NULL;25.03.2023 0:00;25.03.2023 0:00;24461;33-08;1;0;NULL;success
180985187;out;NULL;NULL;33-08sl;27;25.03.2023 0:00;stop;"{""category"":""1"",""cl"":""grdt5"",""trunc"":""43"",""status"":""call"",""down"":""20"",""cps"":""0.1"",""channels"":10}";{};79000000000;nym7ppnefx;NULL;5;NULL;25.03.2023 0:00;25.03.2023 0:00;24461;33-08;1;1;NULL;request_recall
180985188;out;NULL;NULL;33-08sl;28;25.03.2023 0:00;stop;"{""category"":""1"",""cl"":""grdt5"",""trunc"":""43"",""status"":""call"",""down"":""20"",""cps"":""0.1"",""channels"":10}";{};79000000000;5m1pn7r7ih;NULL;5;NULL;25.03.2023 0:00;25.03.2023 0:00;24461;33-08;1;1;NULL;request_recall
180985189;out;NULL;NULL;33-08sl;29;25.03.2023 0:00;stop;"{""category"":""1"",""cl"":""grdt5"",""trunc"":""43"",""status"":""call"",""down"":""20"",""cps"":""0.1"",""channels"":10}";{};79000000000;z6re3adx7a;NULL;5;NULL;25.03.2023 0:00;25.03.2023 0:00;24461;33-08;5;0;NULL;answering_machine
180985190;out;NULL;NULL;33-08sl;30;25.03.2023 0:00;stop;"{""category"":""1"",""cl"":""grdt5"",""trunc"":""43"",""status"":""call"",""down"":""20"",""cps"":""0.1"",""channels"":10}";{};79000000000;mgf10xi2bs;NULL;3;NULL;25.03.2023 0:00;25.03.2023 0:00;24461;33-08;2;0;NULL;success
180985191;out;NULL;NULL;33-08sl;31;25.03.2023 0:00;stop;"{""category"":""1"",""cl"":""grdt5"",""trunc"":""43"",""status"":""call"",""down"":""20"",""cps"":""0.1"",""channels"":10}";{};79000000000;a394hnnd5t;NULL;3;NULL;25.03.2023 0:00;25.03.2023 0:00;24461;33-08;2;1;NULL;request_recall
180985192;out;NULL;NULL;33-08sl;32;25.03.2023 0:00;stop;"{""category"":""1"",""cl"":""grdt5"",""trunc"":""43"",""status"":""call"",""down"":""20"",""cps"":""0.1"",""channels"":10}";{};79000000000;g5xtfdk9lm;NULL;3;NULL;25.03.2023 0:00;25.03.2023 0:00;24461;33-08;5;0;NULL;answering_machine
180985193;out;NULL;NULL;33-08sl;33;25.03.2023 0:00;stop;"{""category"":""1"",""cl"":""grdt5"",""trunc"":""43"",""status"":""call"",""down"":""20"",""cps"":""0.1"",""channels"":10}";{};79000000000;2q3dg1k189;NULL;3;NULL;25.03.2023 0:00;25.03.2023 0:00;24461;33-08;3;1;NULL;request_recall
180985194;out;NULL;NULL;33-08sl;34;25.03.2023 0:00;stop;"{""category"":""1"",""cl"":""grdt5"",""trunc"":""43"",""status"":""call"",""down"":""20"",""cps"":""0.1"",""channels"":10}";{};79000000000;n791abdm2m;NULL;3;NULL;25.03.2023 0:00;25.03.2023 0:00;24461;33-08;1;0;NULL;success
180985195;out;NULL;NULL;33-08sl;35;25.03.2023 0:00;stop;"{""category"":""1"",""cl"":""grdt5"",""trunc"":""43"",""status"":""call"",""down"":""20"",""cps"":""0.1"",""channels"":10}";{};79000000000;wxajzr02zn;NULL;3;NULL;25.03.2023 0:00;25.03.2023 0:00;24461;33-08;1;0;NULL;success
180985196;out;NULL;NULL;33-08sl;36;25.03.2023 0:00;stop;"{""category"":""1"",""cl"":""grdt5"",""trunc"":""43"",""status"":""call"",""down"":""20"",""cps"":""0.1"",""channels"":10}";{};79000000000;5mln9d3qke;NULL;3;NULL;25.03.2023 0:00;25.03.2023 0:00;24461;33-08;2;1;NULL;request_recall
180985197;out;NULL;NULL;33-08sl;37;25.03.2023 0:00;stop;"{""category"":""1"",""cl"":""grdt5"",""trunc"":""43"",""status"":""call"",""down"":""20"",""cps"":""0.1"",""channels"":10}";{};79000000000;earlphpbym;NULL;3;NULL;25.03.2023 0:00;25.03.2023 0:00;24461;33-08;5;0;NULL;answering_machine
180985198;out;NULL;NULL;33-08sl;38;25.03.2023 0:00;stop;"{""category"":""1"",""cl"":""grdt5"",""trunc"":""43"",""status"":""call"",""down"":""20"",""cps"":""0.1"",""channels"":10}";{};79000000000;dmk86b5b25;NULL;3;NULL;25.03.2023 0:00;25.03.2023 0:00;24461;33-08;1;0;NULL;success
180985199;out;NULL;NULL;33-08sl;39;25.03.2023 0:00;stop;"{""category"":""1"",""cl"":""grdt5"",""trunc"":""43"",""status"":""call"",""down"":""20"",""cps"":""0.1"",""channels"":10}";{};79000000000;f6zh8fsnnb;NULL;3;NULL;25.03.2023 0:00;25.03.2023 0:00;24461;33-08;1;1;NULL;request_recall
180985200;out;NULL;NULL;33-08sl;40;25.03.2023 0:00;stop;"{""category"":""1"",""cl"":""grdt5"",""trunc"":""43"",""status"":""call"",""down"":""20"",""cps"":""0.1"",""channels"":10}";{};79000000000;mnhw9am4z8;NULL;3;NULL;25.03.2023 0:00;25.03.2023 0:00;24461;33-08;3;0;NULL;success
180985201;out;NULL;NULL;33-08sl;41;25.03.2023 0:00;stop;"{""category"":""1"",""cl"":""grdt5"",""trunc"":""43"",""status"":""call"",""down"":""20"",""cps"":""0.1"",""channels"":10}";{};79000000000;80n8mg7a01;NULL;3;NULL;25.03.2023 0:00;25.03.2023 0:00;24461;33-08;3;0;NULL;success
180985202;out;NULL;NULL;33-08sl;42;25.03.2023 0:00;stop;"{""category"":""1"",""cl"":""grdt5"",""trunc"":""43"",""status"":""call"",""down"":""20"",""cps"":""0.1"",""channels"":10}";{};79000000000;7g2fe0l5rx;NULL;3;NULL;25.03.2023 0:00;25.03.2023 0:00;24461;33-08;1;0;NULL;success
180985203;out;NULL;NULL;33-08sl;43;25.03.2023 0:00;stop;"{""category"":""1"",""cl"":""grdt5"",""trunc"":""43"",""status"":""call"",""down"":""20"",""cps"":""0.1"",""channels"":10}";{};79000000000;94jjdwdise;NULL;3;NULL;25.03.2023 0:00;25.03.2023 0:00;24461;33-08;4;0;NULL;success
180985204;out;NULL;NULL;33-08sl;44;25.03.2023 0:00;stop;"{""category"":""1"",""cl"":""grdt5"",""trunc"":""43"",""status"":""call"",""down"":""20"",""cps"":""0.1"",""channels"":10}";{};79000000000;z0kaziadjn;NULL;3;NULL;25.03.2023 0:00;25.03.2023 0:00;24461;33-08;1;0;NULL;success
180985205;out;NULL;NULL;33-08sl;45;25.03.2023 0:00;stop;"{""category"":""1"",""cl"":""grdt5"",""trunc"":""43"",""status"":""call"",""down"":""20"",""cps"":""0.1"",""channels"":10}";{};79000000000;5apt4h8qmx;NULL;3;NULL;25.03.2023 0:00;25.03.2023 0:00;24461;33-08;5;0;NULL;answering_machine
180985206;out;NULL;NULL;33-08sl;46;25.03.2023 0:00;stop;"{""category"":""1"",""cl"":""grdt5"",""trunc"":""43"",""status"":""call"",""down"":""20"",""cps"":""0.1"",""channels"":10}";{};79000000000;ds4y3sd2e5;NULL;3;NULL;25.03.2023 0:00;25.03.2023 0:00;24461;33-08;5;0;NULL;answering_machine
180985207;out;NULL;NULL;33-08sl;47;25.03.2023 0:00;stop;"{""category"":""1"",""cl"":""grdt5"",""trunc"":""43"",""status"":""call"",""down"":""20"",""cps"":""0.1"",""channels"":10}";{};79000000000;j41yai3ae9;NULL;3;NULL;25.03.2023 0:00;25.03.2023 0:00;24461;33-08;1;1;NULL;request_recall
180985208;out;NULL;NULL;33-08sl;48;25.03.2023 0:00;stop;"{""category"":""1"",""cl"":""grdt5"",""trunc"":""43"",""status"":""call"",""down"":""20"",""cps"":""0.1"",""channels"":10}";{};79000000000;w9kqxnz9ij;NULL;3;NULL;25.03.2023 0:00;25.03.2023 0:00;24461;33-08;5;0;NULL;answering_machine
180985209;out;NULL;NULL;33-08sl;49;25.03.2023 0:00;stop;"{""category"":""1"",""cl"":""grdt5"",""trunc"":""43"",""status"":""call"",""down"":""20"",""cps"":""0.1"",""channels"":10}";{};79000000000;5mihy6j0zd;NULL;3;NULL;25.03.2023 0:00;25.03.2023 0:00;24461;33-08;5;0;NULL;down
180985210;out;NULL;NULL;33-08sl;50;25.03.2023 0:00;stop;"{""category"":""1"",""cl"":""grdt5"",""trunc"":""43"",""status"":""call"",""down"":""20"",""cps"":""0.1"",""channels"":10}";{};79000000000;dezhh0gr53;NULL;3;NULL;25.03.2023 0:00;25.03.2023 0:00;24461;33-08;1;0;NULL;success
180985211;out;NULL;NULL;33-08sl;51;25.03.2023 0:00;stop;"{""category"":""1"",""cl"":""grdt5"",""trunc"":""43"",""status"":""call"",""down"":""20"",""cps"":""0.1"",""channels"":10}";{};79000000000;nh4qgwfql2;NULL;3;NULL;25.03.2023 0:00;25.03.2023 0:00;24461;33-08;2;0;NULL;success
180985212;out;NULL;NULL;33-08sl;52;25.03.2023 0:00;stop;"{""category"":""1"",""cl"":""grdt5"",""trunc"":""43"",""status"":""call"",""down"":""20"",""cps"":""0.1"",""channels"":10}";{};79000000000;g68k1gd6i5;NULL;3;NULL;25.03.2023 0:00;25.03.2023 0:00;24461;33-08;3;1;NULL;request_recall
180985213;out;NULL;NULL;33-08sl;53;25.03.2023 0:00;stop;"{""category"":""1"",""cl"":""grdt5"",""trunc"":""43"",""status"":""call"",""down"":""20"",""cps"":""0.1"",""channels"":10}";{};79000000000;38lbe3nfbq;NULL;3;NULL;25.03.2023 0:00;25.03.2023 0:00;24461;33-08;1;1;NULL;request_recall
180985214;out;NULL;NULL;33-08sl;54;25.03.2023 0:00;stop;"{""category"":""1"",""cl"":""grdt5"",""trunc"":""43"",""status"":""call"",""down"":""20"",""cps"":""0.1"",""channels"":10}";{};79000000000;lwk2eaiawy;NULL;3;NULL;25.03.2023 0:00;25.03.2023 0:00;24461;33-08;1;0;NULL;success
180985215;out;NULL;NULL;33-08sl;55;25.03.2023 0:00;stop;"{""category"":""1"",""cl"":""grdt5"",""trunc"":""43"",""status"":""call"",""down"":""20"",""cps"":""0.1"",""channels"":10}";{};79000000000;ftkqjw781l;NULL;3;NULL;25.03.2023 0:00;25.03.2023 0:00;24461;33-08;5;0;NULL;answering_machine
180985216;out;NULL;NULL;33-08sl;56;25.03.2023 0:00;stop;"{""category"":""1"",""cl"":""grdt5"",""trunc"":""43"",""status"":""call"",""down"":""20"",""cps"":""0.1"",""channels"":10}";{};79000000000;g9nmgqjznt;NULL;3;NULL;25.03.2023 0:00;25.03.2023 0:00;24461;33-08;2;1;NULL;request_recall
180985217;out;NULL;NULL;33-08sl;57;25.03.2023 0:00;stop;"{""category"":""1"",""cl"":""grdt5"",""trunc"":""43"",""status"":""call"",""down"":""20"",""cps"":""0.1"",""channels"":10}";{};79000000000;xw1ybfp5t7;NULL;3;NULL;25.03.2023 0:00;25.03.2023 0:00;24461;33-08;5;0;NULL;answering_machine
180985218;out;NULL;NULL;33-08sl;58;25.03.2023 0:00;stop;"{""category"":""1"",""cl"":""grdt5"",""trunc"":""43"",""status"":""call"",""down"":""20"",""cps"":""0.1"",""channels"":10}";{};79000000000;pn706p35n6;NULL;3;NULL;25.03.2023 0:00;25.03.2023 0:00;24461;33-08;5;0;NULL;down
180985219;out;NULL;NULL;33-08sl;59;25.03.2023 0:00;stop;"{""category"":""1"",""cl"":""grdt5"",""trunc"":""43"",""status"":""call"",""down"":""20"",""cps"":""0.1"",""channels"":10}";{};79000000000;x8kh6b9k3i;NULL;3;NULL;25.03.2023 0:00;25.03.2023 0:00;24461;33-08;5;0;NULL;answering_machine
180985220;out;NULL;NULL;33-08sl;60;25.03.2023 0:00;stop;"{""category"":""1"",""cl"":""grdt5"",""trunc"":""43"",""status"":""call"",""down"":""20"",""cps"":""0.1"",""channels"":10}";{};79000000000;ge2zpn3mf6;NULL;3;NULL;25.03.2023 0:00;25.03.2023 0:00;24461;33-08;5;0;NULL;answering_machine
180985221;out;NULL;NULL;33-08sl;61;25.03.2023 0:00;stop;"{""category"":""1"",""cl"":""grdt5"",""trunc"":""43"",""status"":""call"",""down"":""20"",""cps"":""0.1"",""channels"":10}";{};79000000000;0l6xd64k7y;NULL;3;NULL;25.03.2023 0:00;25.03.2023 0:00;24461;33-08;5;0;NULL;answering_machine
180985222;out;NULL;NULL;33-08sl;62;25.03.2023 0:00;stop;"{""category"":""1"",""cl"":""grdt5"",""trunc"":""43"",""status"":""call"",""down"":""20"",""cps"":""0.1"",""channels"":10}";{};79000000000;a0r78i6la0;NULL;3;NULL;25.03.2023 0:00;25.03.2023 0:00;24461;33-08;5;0;NULL;down
180985223;out;NULL;NULL;33-08sl;63;25.03.2023 0:00;stop;"{""category"":""1"",""cl"":""grdt5"",""trunc"":""43"",""status"":""call"",""down"":""20"",""cps"":""0.1"",""channels"":10}";{};79000000000;ajhbgz9mqt;NULL;5;NULL;25.03.2023 0:00;25.03.2023 0:00;24461;33-08;3;0;NULL;success
180985224;out;NULL;NULL;33-08sl;64;25.03.2023 0:00;stop;"{""category"":""1"",""cl"":""grdt5"",""trunc"":""43"",""status"":""call"",""down"":""20"",""cps"":""0.1"",""channels"":10}";{};79000000000;61iawywyxh;NULL;5;NULL;25.03.2023 0:00;25.03.2023 0:00;24461;33-08;5;0;NULL;answering_machine
180985225;out;NULL;NULL;33-08sl;65;25.03.2023 0:00;stop;"{""category"":""1"",""cl"":""grdt5"",""trunc"":""43"",""status"":""call"",""down"":""20"",""cps"":""0.1"",""channels"":10}";{};79000000000;g05nge11bg;NULL;2;NULL;25.03.2023 0:00;25.03.2023 0:00;24461;33-08;1;0;NULL;success
180985226;out;NULL;NULL;33-08sl;66;25.03.2023 0:00;delay;"{""category"":""1"",""cl"":""grdt5"",""trunc"":""43"",""down"":""20"",""cps"":""0.1"",""channels"":10}";{};79000000000;ff1m4re6w1;NULL;2;NULL;25.03.2023 0:00;25.03.2023 0:00;24461;33-08;4;0;NULL;answering_machine
180985227;out;NULL;NULL;33-08sl;67;25.03.2023 0:00;stop;"{""category"":""1"",""cl"":""grdt5"",""trunc"":""43"",""status"":""call"",""down"":""20"",""cps"":""0.1"",""channels"":10}";{};79000000000;15nyra84we;NULL;3;NULL;25.03.2023 0:00;25.03.2023 0:00;24461;33-08;1;0;NULL;success
180985228;out;NULL;NULL;33-08sl;68;25.03.2023 0:00;stop;"{""category"":""1"",""cl"":""grdt5"",""trunc"":""43"",""status"":""call"",""down"":""20"",""cps"":""0.1"",""channels"":10}";{};79000000000;y8s63la47p;NULL;3;NULL;25.03.2023 0:00;25.03.2023 0:00;24461;33-08;3;1;NULL;request_recall
180985229;out;NULL;NULL;33-08sl;69;25.03.2023 0:00;stop;"{""category"":""1"",""cl"":""grdt5"",""trunc"":""43"",""status"":""call"",""down"":""20"",""cps"":""0.1"",""channels"":10}";{};79000000000;ygp9tdedl0;NULL;3;NULL;25.03.2023 0:00;25.03.2023 0:00;24461;33-08;2;1;NULL;request_recall
180985230;out;NULL;NULL;33-08sl;70;25.03.2023 0:00;stop;"{""category"":""1"",""cl"":""grdt5"",""trunc"":""43"",""status"":""call"",""down"":""20"",""cps"":""0.1"",""channels"":10}";{};79000000000;5y87fp3et7;NULL;3;NULL;25.03.2023 0:00;25.03.2023 0:00;24461;33-08;5;0;NULL;answering_machine
180985231;out;NULL;NULL;33-08sl;71;25.03.2023 0:00;stop;"{""category"":""1"",""cl"":""grdt5"",""trunc"":""43"",""status"":""call"",""down"":""20"",""cps"":""0.1"",""channels"":10}";{};79000000000;hmres1qs1l;NULL;7;NULL;25.03.2023 0:00;25.03.2023 0:00;24461;33-08;1;1;NULL;request_recall
180985232;out;NULL;NULL;33-08sl;72;25.03.2023 0:00;stop;"{""category"":""1"",""cl"":""grdt5"",""trunc"":""43"",""status"":""call"",""down"":""20"",""cps"":""0.1"",""channels"":10}";{};79000000000;sf8wdms2f7;NULL;7;NULL;25.03.2023 0:00;25.03.2023 0:00;24461;33-08;1;0;NULL;success
180985233;out;NULL;NULL;33-08sl;73;25.03.2023 0:00;stop;"{""category"":""1"",""cl"":""grdt5"",""trunc"":""43"",""status"":""call"",""down"":""20"",""cps"":""0.1"",""channels"":10}";{};79000000000;61qgz1tge8;NULL;7;NULL;25.03.2023 0:00;25.03.2023 0:00;24461;33-08;5;0;NULL;down
180985234;out;NULL;NULL;33-08sl;74;25.03.2023 0:00;stop;"{""category"":""1"",""cl"":""grdt5"",""trunc"":""43"",""status"":""call"",""down"":""20"",""cps"":""0.1"",""channels"":10}";{};79000000000;08gsd6i8r2;NULL;7;NULL;25.03.2023 0:00;25.03.2023 0:00;24461;33-08;2;0;NULL;success
180985235;out;NULL;NULL;33-08sl;75;25.03.2023 0:00;stop;"{""category"":""1"",""cl"":""grdt5"",""trunc"":""43"",""status"":""call"",""down"":""20"",""cps"":""0.1"",""channels"":10}";{};79000000000;975fmjlbmd;NULL;7;NULL;25.03.2023 0:00;25.03.2023 0:00;24461;33-08;1;1;NULL;request_recall
180985236;out;NULL;NULL;33-08sl;76;25.03.2023 0:00;stop;"{""category"":""1"",""cl"":""grdt5"",""trunc"":""43"",""status"":""call"",""down"":""20"",""cps"":""0.1"",""channels"":10}";{};79000000000;7ehe46swq6;NULL;7;NULL;25.03.2023 0:00;25.03.2023 0:00;24461;33-08;1;0;NULL;success
180985237;out;NULL;NULL;33-08sl;77;25.03.2023 0:00;stop;"{""category"":""1"",""cl"":""grdt5"",""trunc"":""43"",""status"":""call"",""down"":""20"",""cps"":""0.1"",""channels"":10}";{};79000000000;e6dp86hkjf;NULL;7;NULL;25.03.2023 0:00;25.03.2023 0:00;24461;33-08;1;1;NULL;request_recall
180985238;out;NULL;NULL;33-08sl;78;25.03.2023 0:00;stop;"{""category"":""1"",""cl"":""grdt5"",""trunc"":""43"",""status"":""call"",""down"":""20"",""cps"":""0.1"",""channels"":10}";{};79000000000;7nrt8i8s8n;NULL;7;NULL;25.03.2023 0:00;25.03.2023 0:00;24461;33-08;1;1;NULL;request_recall
180985239;out;NULL;NULL;33-08sl;79;25.03.2023 0:00;stop;"{""category"":""1"",""cl"":""grdt5"",""trunc"":""43"",""status"":""call"",""down"":""20"",""cps"":""0.1"",""channels"":10}";{};79000000000;gdjg73ajqe;NULL;7;NULL;25.03.2023 0:00;25.03.2023 0:00;24461;33-08;3;0;NULL;success
180985240;out;NULL;NULL;33-08sl;80;25.03.2023 0:00;stop;"{""category"":""1"",""cl"":""grdt5"",""trunc"":""43"",""status"":""call"",""down"":""20"",""cps"":""0.1"",""channels"":10}";{};79000000000;j8x6mjfz7y;NULL;7;NULL;25.03.2023 0:00;25.03.2023 0:00;24461;33-08;1;0;NULL;success
180985241;out;NULL;NULL;33-08sl;81;25.03.2023 0:00;stop;"{""category"":""1"",""cl"":""grdt5"",""trunc"":""43"",""status"":""call"",""down"":""20"",""cps"":""0.1"",""channels"":10}";{};79000000000;4k3m7z9dkx;NULL;7;NULL;25.03.2023 0:00;25.03.2023 0:00;24461;33-08;2;0;NULL;success
180985242;out;NULL;NULL;33-08sl;82;25.03.2023 0:00;stop;"{""category"":""1"",""cl"":""grdt5"",""trunc"":""43"",""status"":""call"",""down"":""20"",""cps"":""0.1"",""channels"":10}";{};79000000000;x98qn72fb7;NULL;7;NULL;25.03.2023 0:00;25.03.2023 0:00;24461;33-08;5;0;NULL;down
180985243;out;NULL;NULL;33-08sl;83;25.03.2023 0:00;stop;"{""category"":""1"",""cl"":""grdt5"",""trunc"":""43"",""status"":""call"",""down"":""20"",""cps"":""0.1"",""channels"":10}";{};79000000000;5lw7qqsyzz;NULL;7;NULL;25.03.2023 0:00;25.03.2023 0:00;24461;33-08;5;0;NULL;success
180985244;out;NULL;NULL;33-08sl;84;25.03.2023 0:00;stop;"{""category"":""1"",""cl"":""grdt5"",""trunc"":""43"",""status"":""call"",""down"":""20"",""cps"":""0.1"",""channels"":10}";{};79000000000;l5sr4rf16d;NULL;7;NULL;25.03.2023 0:00;25.03.2023 0:00;24461;33-08;1;0;NULL;success
180985245;out;NULL;NULL;33-08sl;85;25.03.2023 0:00;stop;"{""category"":""1"",""cl"":""grdt5"",""trunc"":""43"",""status"":""call"",""down"":""20"",""cps"":""0.1"",""channels"":10}";{};79000000000;srjl2mli3r;NULL;7;NULL;25.03.2023 0:00;25.03.2023 0:00;24461;33-08;1;0;NULL;success
180985246;out;NULL;NULL;33-08sl;86;25.03.2023 0:00;stop;"{""category"":""1"",""cl"":""grdt5"",""trunc"":""43"",""status"":""call"",""down"":""20"",""cps"":""0.1"",""channels"":10}";{};79000000000;axbe8hstxa;NULL;7;NULL;25.03.2023 0:00;25.03.2023 0:00;24461;33-08;1;0;NULL;success
180985247;out;NULL;NULL;33-08sl;87;25.03.2023 0:00;stop;"{""category"":""1"",""cl"":""grdt5"",""trunc"":""43"",""status"":""call"",""down"":""20"",""cps"":""0.1"",""channels"":10}";{};79000000000;4xgpfqs4j2;NULL;7;NULL;25.03.2023 0:00;25.03.2023 0:00;24461;33-08;1;0;NULL;success
180985248;out;NULL;NULL;33-08sl;88;25.03.2023 0:00;stop;"{""category"":""1"",""cl"":""grdt5"",""trunc"":""43"",""status"":""call"",""down"":""20"",""cps"":""0.1"",""channels"":10}";{};79000000000;yh0e5d1msr;NULL;7;NULL;25.03.2023 0:00;25.03.2023 0:00;24461;33-08;2;1;NULL;request_recall
180985249;out;NULL;NULL;33-08sl;89;25.03.2023 0:00;stop;"{""category"":""1"",""cl"":""grdt5"",""trunc"":""43"",""status"":""call"",""down"":""20"",""cps"":""0.1"",""channels"":10}";{};79000000000;7r0i59jsfb;NULL;7;NULL;25.03.2023 0:00;25.03.2023 0:00;24461;33-08;1;0;NULL;success
180985250;out;NULL;NULL;33-08sl;90;25.03.2023 0:00;stop;"{""category"":""1"",""cl"":""grdt5"",""trunc"":""43"",""status"":""call"",""down"":""20"",""cps"":""0.1"",""channels"":10}";{};79000000000;at0bhdwfsq;NULL;7;NULL;25.03.2023 0:00;25.03.2023 0:00;24461;33-08;5;0;NULL;down
180985251;out;NULL;NULL;33-08sl;91;25.03.2023 0:00;stop;"{""category"":""1"",""cl"":""grdt5"",""trunc"":""43"",""status"":""call"",""down"":""20"",""cps"":""0.1"",""channels"":10}";{};79000000000;q9rbps6n5n;NULL;7;NULL;25.03.2023 0:00;25.03.2023 0:00;24461;33-08;2;0;NULL;success
180985252;out;NULL;NULL;33-08sl;92;25.03.2023 0:00;stop;"{""category"":""1"",""cl"":""grdt5"",""trunc"":""43"",""status"":""call"",""down"":""20"",""cps"":""0.1"",""channels"":10}";{};79000000000;e3migay218;NULL;7;NULL;25.03.2023 0:00;25.03.2023 0:00;24461;33-08;2;0;NULL;success
180985253;out;NULL;NULL;33-08sl;93;25.03.2023 0:00;stop;"{""category"":""1"",""cl"":""grdt5"",""trunc"":""43"",""status"":""call"",""down"":""20"",""cps"":""0.1"",""channels"":10}";{};79000000000;e76zgjfiit;NULL;7;NULL;25.03.2023 0:00;25.03.2023 0:00;24461;33-08;5;0;NULL;down
180985254;out;NULL;NULL;33-08sl;94;25.03.2023 0:00;stop;"{""category"":""1"",""cl"":""grdt5"",""trunc"":""43"",""status"":""call"",""down"":""20"",""cps"":""0.1"",""channels"":10}";{};79000000000;n9n9it6rlw;NULL;7;NULL;25.03.2023 0:00;25.03.2023 0:00;24461;33-08;1;0;NULL;success
180985255;out;NULL;NULL;33-08sl;95;25.03.2023 0:00;stop;"{""category"":""1"",""cl"":""grdt5"",""trunc"":""43"",""status"":""call"",""down"":""20"",""cps"":""0.1"",""channels"":10}";{};79000000000;5afxb083x5;NULL;3;NULL;25.03.2023 0:00;25.03.2023 0:00;24461;33-08;1;0;NULL;success
180985256;out;NULL;NULL;33-08sl;96;25.03.2023 0:00;stop;"{""category"":""1"",""cl"":""grdt5"",""trunc"":""43"",""status"":""call"",""down"":""20"",""cps"":""0.1"",""channels"":10}";{};79000000000;pxf1ngft25;NULL;3;NULL;25.03.2023 0:00;25.03.2023 0:00;24461;33-08;5;0;NULL;down
180985257;out;NULL;NULL;33-08sl;97;25.03.2023 0:00;stop;"{""category"":""1"",""cl"":""grdt5"",""trunc"":""43"",""status"":""call"",""down"":""20"",""cps"":""0.1"",""channels"":10}";{};79000000000;8d6y251z2y;NULL;3;NULL;25.03.2023 0:00;25.03.2023 0:00;24461;33-08;1;0;NULL;success
180985258;out;NULL;NULL;33-08sl;98;25.03.2023 0:00;stop;"{""category"":""1"",""cl"":""grdt5"",""trunc"":""43"",""status"":""call"",""down"":""20"",""cps"":""0.1"",""channels"":10}";{};79000000000;sy0b821zm1;NULL;3;NULL;25.03.2023 0:00;25.03.2023 0:00;24461;33-08;5;0;NULL;answering_machine
180985259;out;NULL;NULL;33-08sl;99;25.03.2023 0:00;stop;"{""category"":""1"",""cl"":""grdt5"",""trunc"":""43"",""status"":""call"",""down"":""20"",""cps"":""0.1"",""channels"":10}";{};79000000000;70bp68yghg;NULL;3;NULL;25.03.2023 0:00;25.03.2023 0:00;24461;33-08;1;0;NULL;success
180985260;out;NULL;NULL;33-08sl;100;25.03.2023 0:00;stop;"{""category"":""1"",""cl"":""grdt5"",""trunc"":""43"",""status"":""call"",""down"":""20"",""cps"":""0.1"",""channels"":10}";{};79000000000;s91ey0r05x;NULL;3;NULL;25.03.2023 0:00;25.03.2023 0:00;24461;33-08;2;0;NULL;success
180985261;out;NULL;NULL;33-08sl;101;25.03.2023 0:00;stop;"{""category"":""1"",""cl"":""grdt5"",""trunc"":""43"",""status"":""call"",""down"":""20"",""cps"":""0.1"",""channels"":10}";{};79000000000;f2tws3y9mi;NULL;3;NULL;25.03.2023 0:00;25.03.2023 0:00;24461;33-08;5;0;NULL;answering_machine
180985262;out;NULL;NULL;33-08sl;102;25.03.2023 0:00;stop;"{""category"":""1"",""cl"":""grdt5"",""trunc"":""43"",""status"":""call"",""down"":""20"",""cps"":""0.1"",""channels"":10}";{};79000000000;0i0ktb01kp;NULL;3;NULL;25.03.2023 0:00;25.03.2023 0:00;24461;33-08;5;0;NULL;answering_machine
180985263;out;NULL;NULL;33-08sl;103;25.03.2023 0:00;stop;"{""category"":""1"",""cl"":""grdt5"",""trunc"":""43"",""status"":""call"",""down"":""20"",""cps"":""0.1"",""channels"":10}";{};79000000000;arqa2fdit7;NULL;3;NULL;25.03.2023 0:00;25.03.2023 0:00;24461;33-08;5;0;NULL;down
